review,sentiment
This product is amazing! I love it so much.,positive
Excellent quality and fast delivery. Highly recommended!,positive
Perfect! Exactly what I was looking for.,positive
Great value for money. Will definitely buy again.,positive
Outstanding product with excellent features.,positive
Love this item! It exceeded my expectations.,positive
Fantastic quality and great customer service.,positive
Best purchase I've made in a long time!,positive
"Superb product, very satisfied with my purchase.",positive
"Wonderful experience, highly recommend to others.",positive
Absolutely brilliant! This is the best product ever.,positive
Incredible value and outstanding performance.,positive
"Phenomenal quality, exceeded all my expectations.",positive
Magnificent product with superb features.,positive
Exceptional service and top-notch quality.,positive
"Amazing product, works perfectly as described.",positive
"Very happy with this purchase, great quality.",positive
"Excellent product, would buy again.",positive
"Perfect quality, fast shipping, highly satisfied.",positive
"Great product, exceeded my expectations completely.",positive
"Outstanding value, excellent build quality.",positive
Love it! Perfect for my needs.,positive
"Fantastic product, very impressed.",positive
"Excellent quality, great customer service.",positive
Perfect! Exactly what I needed.,positive
"Amazing quality, very happy with purchase.",positive
"Great product, works exactly as expected.",positive
"Excellent value for money, highly recommend.",positive
"Perfect quality, fast delivery, very satisfied.",positive
"Outstanding product, exceeded expectations.",positive
"Great quality, excellent service, very happy.",positive
"Perfect product, works great, highly recommend.",positive
"Excellent quality, great value, very satisfied.",positive
"Amazing product, perfect quality, love it.",positive
"Great purchase, excellent quality, very happy.",positive
"Perfect product, great quality, highly recommend.",positive
"Excellent value, great quality, very satisfied.",positive
"Outstanding quality, perfect product, love it.",positive
"Great product, excellent quality, very happy.",positive
"Perfect quality, great value, highly recommend.",positive
"Excellent product, amazing quality, very satisfied.",positive
"Great quality, perfect product, love it.",positive
"Outstanding product, excellent quality, very happy.",positive
"Perfect quality, great product, highly recommend.",positive
"Excellent value, perfect quality, very satisfied.",positive
"Amazing quality, great product, love it.",positive
"Great product, outstanding quality, very happy.",positive
"Perfect quality, excellent product, highly recommend.",positive
"Excellent quality, great value, very satisfied.",positive
"Outstanding product, perfect quality, love it.",positive
Terrible product. Complete waste of money.,negative
Poor quality and doesn't work as advertised.,negative
Very disappointed with this purchase.,negative
Awful customer service and slow delivery.,negative
Product broke after just one week of use.,negative
Not worth the price at all. Very poor quality.,negative
"Horrible experience, would not recommend.",negative
"Defective product, very frustrated.",negative
Waste of time and money. Avoid this product.,negative
Completely unsatisfied with this purchase.,negative
Completely useless and overpriced.,negative
"Total rip-off, worst product I've ever bought.",negative
"Extremely poor quality, avoid at all costs.",negative
"Terrible experience, very upset with purchase.",negative
"Awful product, complete disappointment.",negative
"Worst purchase ever, complete waste of money.",negative
"Terrible quality, doesn't work at all.",negative
"Very poor product, not as described.",negative
"Disappointed with quality, waste of money.",negative
"Bad product, poor quality, avoid this.",negative
"Terrible experience, would never buy again.",negative
"Poor quality product, not worth the money.",negative
"Awful product, complete waste of time.",negative
"Very bad quality, disappointed with purchase.",negative
"Terrible product, poor quality, avoid.",negative
"Worst quality ever, complete disappointment.",negative
"Bad product, terrible quality, waste of money.",negative
"Poor quality, not as advertised, avoid.",negative
"Terrible purchase, very disappointed.",negative
"Awful quality, waste of money, avoid.",negative
"Very poor product, terrible quality.",negative
"Bad quality, disappointed, waste of money.",negative
"Terrible product, poor quality, avoid.",negative
"Worst quality, complete waste, avoid.",negative
"Bad product, terrible quality, disappointed.",negative
"Poor quality, waste of money, avoid.",negative
"Terrible quality, bad product, avoid.",negative
"Awful quality, waste of money, avoid.",negative
"Very bad quality, terrible product, avoid.",negative
"Poor quality, disappointed, waste of money.",negative
"Terrible product, bad quality, avoid.",negative
"Worst quality, terrible product, avoid.",negative
"Bad quality, poor product, waste of money.",negative
"Terrible quality, awful product, avoid.",negative
"Poor quality, bad product, waste of money.",negative
"Very bad quality, poor product, avoid.",negative
"Terrible product, worst quality, avoid.",negative
"Bad quality, terrible product, waste of money.",negative
"Poor quality, awful product, avoid.",negative
"Terrible quality, bad product, waste of money.",negative
"The product is okay, nothing special.",neutral
"Average quality, serves its purpose.",neutral
"It's fine, meets basic expectations.",neutral
"Standard product, neither good nor bad.",neutral
Acceptable quality for the price.,neutral
"It works as expected, no complaints.",neutral
"Average experience, nothing remarkable.",neutral
"Decent product, could be better.",neutral
"It's alright, does what it's supposed to do.",neutral
"Moderate quality, acceptable for daily use.",neutral
It's decent enough for what I need.,neutral
"Standard fare, nothing to write home about.",neutral
Average product with average performance.,neutral
"It's functional, that's about it.",neutral
"Mediocre quality, but it works.",neutral
"The product is average, nothing exceptional.",neutral
"It works fine, nothing special about it.",neutral
"Standard quality, meets basic requirements.",neutral
"It's okay, does the job adequately.",neutral
"Average product, nothing to complain about.",neutral
"It's decent, serves its purpose well.",neutral
"Standard quality, works as expected.",neutral
"It's fine, nothing remarkable but functional.",neutral
"Average product, meets expectations.",neutral
"It works okay, nothing special.",neutral
"Standard quality, adequate for needs.",neutral
"It's acceptable, does what it should.",neutral
"Average product, nothing outstanding.",neutral
"It's fine, works as described.",neutral
"Standard quality, meets basic needs.",neutral
"It's okay, nothing to write home about.",neutral
"Average product, functional and adequate.",neutral
"It works fine, standard quality.",neutral
"It's decent, meets expectations.",neutral
"Standard product, nothing exceptional.",neutral
"It's okay, does the job.",neutral
"Average quality, works adequately.",neutral
"It's fine, nothing special but functional.",neutral
"Standard product, meets basic requirements.",neutral
"It's acceptable, works as expected.",neutral
"Average quality, nothing remarkable.",neutral
"It's okay, serves its purpose.",neutral
"Standard product, adequate quality.",neutral
"It's fine, meets basic needs.",neutral
"Average quality, functional product.",neutral
"It's decent, works as described.",neutral
"Standard product, nothing outstanding.",neutral
"It's okay, adequate for the purpose.",neutral
"Average quality, meets expectations.",neutral
"It's fine, standard product.",neutral
"Standard quality, works fine.",neutral
"It's okay, nothing special but adequate.",neutral
